numQubits,circDepth,numReps,avgDur(s),varDur(s^2)
21,1000,5,15.929447507858276,244.0309320268821
